0,"비트코인 VS CBDC 차이점 CBDC - 국가 중앙은행이 발행한 코인으로 자국내에서만 사용 가능하다. 국외로 사용 할수 없다. (국경 넘을시 외환법 위반) 비트코인, 이더리움 - 전세계 어디든지 사용, 거래 할수 있고 국경이 없다. (코인 거래소, 개인 전자지갑)"
1,-성지- 12월 상승장 차트의 비밀을 풀었따 존나부러운 마스크 하루종일 씹스캠 마스크 차트 존나보고있었는데 말좆호로양봉섻출발 직전ㅋㅋ 씹스캠 비트코인 존나쉽네 ㅋㅋ 아님말고
-1,"나의 매수이유+존버이유+실패라 생각하는 이유 편하게 반말체로 씀 지극히 개인적인 견해이지만 누구보다 루나클래식 관련 해외 소식 주시하고, 개발자, 인플루언서와 소통한지 6개월차 반박시 니말 틀림 매수이유와 시점- 1. 대폭락 때 권도형은 사기가 아니라고 직감함 (이땐 단순한 뇌피셜이었음) 루나가 권도형 딸 이름이라는 것, 전세계 언론 공격 중에도, 지속적인 개발에 참여 등등 단순 여러가지 뇌피셜로만 생각 2. 바낸의 재상장 지금 시점에서 시끄러운 업비트 위믹스 상폐보다, 바낸이 상장, 상폐에 더 엄격하고 심하면 심했지 덜 하진 않음. 루나클래식 상폐 후 바로 재상장한다? 한마리의 야수로써 피냄새를 솔솔 맡음 고로 나는 0.00005 시점부터 매수하기 시작했고, 당시 매수 자체는 느낌으로만 구매함. 존버 이유- 1. 나만의 여러가지 루클 복구 절차를 생각해봤고, 그게 순차적으로 진행되면 몇 년이든 존버할 각오가 되있었음. 그게 크게 4가지였는데 첫번째로 도권 감사 두번째로 스테이킹 재구현 세번째로 소각 네번째로 UST리패깅 이중 하나라도 해결 안되면 손절치고 떠날 생각함. 순서대로 설명해줌. 첫번째로 스테이킹 완벽하게 재구현됨. 두번째로 소각이 처음부터 인플루언서 및 기타 유틸리티로 인해 째잘째잘하게 진행은 되었지만, 바이낸스의 희생으로 자체 수수료 소각까지 구현됨. 이게 기대 이상보다 일이 잘 풀린거임. 마냥 커뮤니티 바람에 못이겨 1.2% 온체인 + 오프체인 거래소 소각이 구현되었다면, 아마 거래량 떨어지며, 서서히 죽어가는 체인이 됐을거임. 반박시 니말 틀림. 너같으면 다른 멀쩡한거 많은데 1.2% 씩 수수료 내고 트레이딩함? 이제 중요한건, 바이낸스가 희생하는 만큼 체인의 가치를 증명하는 일. 그래야 소각 지속성도 높아짐. 반면에 기껏 희생해줬더니 지들끼리 헤쳐먹는 그림이면 언제든지 소각 중단 가능. 세번째로 도권감사. 사기아닌 실패로 감사결과 나옴. 밑에서 자세히 설명 마지막으로 리패깅 과제만 남음. 제일 중요. UST가 될 수도, 버리고 다른 것으로 구현할 수도. 우리가 UST를 들고 있고, 리워드 보상받고 있다 해서 무지성 UST를 외치는게 중요한게 아님. 현 시점에서 실현 가능한 것이 중요. But 근본은 LUNC. ( + IBC 구현중 ) 도권이 사기가 아니고 실패라 생각하는 이유 - 내용에 앞서 여기 그 누구던 검찰 관계자도, TFL 관계자도 없음 우린 들리는 소식으로만 판단할 따름임 J.S held 의 사기가 아니라는 감사 결과 vs 한국 검찰의 권도형 사기 주장 일단 두 집단은 성격 자체가 다름 전자는 감사 뿐만 아니라 여러 분야에서 활동중인 글로벌 회사고, LFG를 감쌀 이유도 없고, 자칫 이번 감사 조작으로 신뢰를 잃으면, 회사 생명에 직결되는 상황임. 반면에 후자는 정권이 바뀐지 얼마 안된 시점에서, 루나 디패깅이 일어나서 수 많은 피해자가 생겼고, 국내 피해자도 많아 관심이 쏠리는 와중이라, 무엇이든지 보여주기가 필요함. 세계 1등 거래소 바이낸스도 재상장을 했는데 ㅈ밥 거래소 업비트가 재상장을 안한다? 검찰이고 거래소고, 루나 및 권도형에 적개심을 품은 국민 여론에 무척이나 신경쓰고 있는 판국임. 고로 난 전자를 신뢰함. 트위터 주시하는 사람은 알겠지만, 이번에 바이낸스 주도로 거래소 자체 준비금 증명 시스템을 도입하고 있음. FTX 꼴 더이상 안보려면 거래소 자체가 투명해야함. 비트코인도, 일론머스크도 아닌 바이낸스가 무너지면 가상화폐가 무너짐. 더불어 루나클래식 최대 주주는 바이낸스 그냥 바이낸스를 믿고 따라. ( 그동안의 수많은 정보와 소식이 있지만 , 굵직굵직한거만 쓴거라 빠진 내용이 많음 )"
-1,"미국 금리하락없이 불장은 안온다 본다 결론 : 미국 금리 내려야 불장 올까말까함 금리가 오르거나 내리는데 필요한 지표(물가 등)들이 그래서 중요한거고 왜 크립토시장이 금리에 휘청대는지는 디파이 지표만 확인하면 되고. 돈을 풀어서, 비트코인 반감기가 와서 등등 이유야 많지만 작년 고점을 이끌었던 가장 큰 이유는 디파이였음. 디파이가 어마어마한 자금들을 끌어들였고 미국이 금리 올리면서 디파이들 빠져나가기 시작. 그 과정에 스캠들 죽기 시작했다. 그렇다고 금리하락에 바로 불장은 안옴 다음 불장을 준비합시다. 언제가 될지는 모르지만."
-1,바낸이 미쳣다고 렌을인수하겟냐 Ftx턴해커가 렌비트코인매수중이라던데 누구겠냐 뽀글이다 튀어라 냄세난다
0,마이크로스트레티지 비트코인 담보대출 청산라인은? 
-1,비트코인 현시세 허리쯤 되나? 발목 올라면 멀었나? 장난사절
0,비트코인 2개면 어느정도임? 형들앙! 현재 일반인 코인판 기준으로.. 평균이하는 아니지? 평균맞아??
-1,비트코인 0원 간다 (feat. 차트충) 차트충이라면 알 것이다. 지금이 단기 최고점이다. 튀어라. 비트코인 0원 간다.
-1,10개월만에 비트코인 켰다 개새끼들아!!!! 작년에 코인 처음 입문해서 오르락 내리락하는 차트보고 일희일비하는 내가 너무 싫더라.. 결국 돈도 잃고 마음도 피폐해져서 올해 1월달 신생코인이며 차트도 좋은 니어에 다 박고 업비트 지웠다 10개월동안 기대감과 불안감 억누르면서 애써 고개 돌리고 쳐다도 안봤는데 야이 개새끼들아 한번쯤 더 반동 해도 되잖아 비트코인 개새끼야!!!!!!!! 니어프로토콜 이새낀 1.9만원에서 2천원됐네...ㅋㅋㅋㅋㅋ 건강떄문에 일도 그만둔지 1년 넘어서 생활비도 이제 없다 지금이라도 손절치고 남은 자금으로 뭘 하긴 늦은것 같다 잘 있어라
-1,비트코인 1억가는게 더 현실적이겠다 ㅋㅋㅋ 말같지도 않은 상폐철회 생각하지말고 ㅋㅋㅋㅋㅋ
1,비트코인이나 사 ㅋㅋ뭔 다 오르고 산다하냐 흑우쉑희들아 정신차려
0,비트코인은 탄생하기전부터 짜여진각본이있다? 우리는 짜여진 각본에 놀아나는것이다.분석? 아무의미없어 어차피 짜여진 각본에서의 오차범위를 초과하지않는내에서 애드리브는 세력맘이니까.
-1,하락장)2010년도 후반생각나네 ㅎㅎ 비트코인 아무것도모를때나는 돈몇만원으로 이더리움 3개정도사고 몇십만원만들다 하락폭격을맞아 -90%찍고 비트코인끝났나했을때 갑자기 또오르네? 그때 500장넣어서 8천만원 만드는데 한달도안걸렸다.그런데 귀신같이 또떨어지데? 8000만원이 3000만원이 되었지만 속으로 되새겼지 저번이랑 똑같아 이번엔오르겠지 그런데 귀신같이 반등하는데 와진짜 역시나야 하지만 얼마안지나서 3000이 200이되버렸네 시발 진짜끝이다 다신안한다 그런ㄷ 또귀신같이오르데? 어? 응 폭락할거야 어 또올라 시발 드가자 진입 귀신같이 떨어지데? 그렇게 깨달은점 역사는반복되고 이번만큼은 다를거라 생각하지말아라. 내리막길 덤프트럭 속도내는순간 아무도못막는다.
0,근데 비트코인 거래량 머냐? 지금봤네; 개씹잡코 거래량이냐 왜 갑자기? 위믹스로 전세계 트레이더들이 다 옮겼냐? 위믹스도 거래량 1조도 안되긴하다만
0,오후장은 재미없지싶은데 마진 고배나 해야지 소액으로~ 그리고 비트코인 해외선물 메이저 마진거래소 바. 이 비트 사용중인데 실시간 수익률이 트레이딩화면에 노출되어있고 실시간 출금도 가능해서 더욱 믿음이 가네~
1,비트 생각보다 잘버티네 17k 다시가보자~ 그리고 비트코인 해외선물 메이저 마진거래소 바. 이 비트에서 현물거래 수수료 0원 이벤트 진행하네 요즘 마진하기 무서웠는데 당분간 수수료 없는 현물거래나 해야지
0,비트코인 업비트에서 비멕로 전송했는데 24시간걸림? 예전에 10~30분 사이였는데 트레블룰인가 그거 생기고 24시간 걸리는거임? 계속 보류중이길래 왜 안오나했는데 뭐냐? 내가 잘못알고 있는거냐?
-1,비트 알트 도미넌스역전 2 비트코인시총은 3일째 변동성이 없고 알트코인시총은 3일째 늘어나고 있어 비트코인 도미넌스가 떨어지고 있다 cz같은 놈들이 유동성을 공급해 알트코인 가격방어를 한다고 해도 남은 변수가 바로 채굴원가 해시관련 지표다 평균채굴원가 사진을 보면 비트채굴을 하면 무조건 손해고 해시또한 가격하락이 있기전 단계의 모습을 보이고 잇다 12월 fomc에서 금리인상을 얼마를 하든 의장이 비둘기가 되든 알트코인 랠리로 비트코인 가격을 끌어올리지 못하면 채굴장리스크로 하락장의 마지막이 될것이다
0,요즘 ftx이후로 바낸이든 업빗이든 토큰공장으로 찍어내서 사기치는 pos코인들 상장시키고 펌핑시키고 상폐시키고 하는거보면 다사기같다ㅋㅋ 비트코인 pow코인등 정당하게 나온녀석들은 혁신이지만 박상기 몇수를 내다본거냐ㅋㅋㅋ
1,비트코인은 망하지 않는다. 클릭 ---> (250) 비트코인은 망하지 않는다. 99%가 망한 지금이 기회(안유화 10-1화) - YouTube
1,이제 비트코인은 완전한 안전자산이됫다 ㅋ 2200만~2300 만 내에서 달러처럼 고정될거다 ㅋ
-1,"캐시우드 드디어......데스노트에....적었다.. 캐시 우드 ""비트코인 저가매수 시점…100만달러 간다"" 캐시우드 데스노트인거알제??"
0,넥슨 비트코인 어케됫노 원한다면 내가 8k에 전부 사줄수있는데
1,메이저 코인 몇개 담아놔라. 비트코인캐시 폭팔 상승 할꺼다.
0,빈살만이 비트코인 한 번이라도 외치면 바로 전고 직행이다 제발
-1,"인간지표들 죄다 사망했냐? 인간지표로 등록한애들중에 1주일 넘게 글 안쓴놈들 태반이네. 지표애들 글 보고 방향 좀 잡을려고 했는데, 제대로 생존한 애들이 없네... 죄다 퇴학인가? 그나마 남아 있는 애들도 잡알트 애기나 하고 있고... 조만간 어그로 글 좀 써서 인간지표 새로 영입해야 할듯. 오늘부터 비트코인 개 떡락이다. 롱스톤 쉐이들 청산대 졸업각이다. (이렇게 하면 이글에도 지표놈들 좀 달리겠지?? ㅎㅎㅎㅎ)"
1,돈나무 언냐 비트코인 100만달러 간다 = 원화 약 13억 
-1,비트코인 매수타점 공유드려요 300만원 되면 주우세요.그전엔 위험해요. 성튜하세요 오빠 언니 동생 여러분~♡
0,FTX와 72K의 Wbtc FTX의 자회사인 알라메다 리서치가 발행한 Wbtc중 7만 2천개가량의 행방을 알수가없다라고 이야기합니다. 아시다싶이 FTX투자자들의 자금을 알라메다와 뽀글이가 악용했음을 이미 알고계실겁니다. 즉 지금 사라진 7만2천개의 Wbtc는 고객들이 맡긴 비트코인일 가능성이 높고 이 트윗에선 아마 뽀글이 개인이 보유하고 있을가능성이 높다라고 이야기하고있네요 2번쨰로 많은 Wbtc를 보유한 플래폼인 CoinList에서 비트코인으로 변환에 실패하였다 라는 트윗도 있었는데요. 저는 누누히 말합니다.. Wrapped Bitcoin is not Bitcoin. 이건 그냥 페이퍼 비트코인이니까 그냥 비트코인사시고 저거는 쳐다보지마십쇼 여기까지 말씀드렸으면.. 위험성은 충분히 인지하고 계실거같기떄문에 더이상의 언급은 하지않을겁니다
0,FTX와 72K의 Wbtc FTX의 자회사인 알라메다 리서치가 발행한 Wbtc중 7만 2천개가량의 행방을 알수가없다라고 이야기합니다. 아시다싶이 FTX투자자들의 자금을 알라메다와 뽀글이가 악용했음을 이미 알고계실겁니다. 즉 지금 사라진 7만2천개의 Wbtc는 고객들이 맡긴 비트코인일 가능성이 높고 이 트윗에선 아마 뽀글이 개인이 보유하고 있을가능성이 높다라고 이야기하고있네요 2번쨰로 많은 Wbtc를 보유한 플래폼인 CoinList에서 비트코인으로 변환에 실패하였다 라는 트윗도 있었는데요. 저는 누누히 말합니다.. Wrapped Bitcoin is not Bitcoin. 이건 그냥 페이퍼 비트코인이니까 그냥 비트코인사시고 저거는 쳐다보지마십쇼
-1,랩트비트코인 wbtc 페깅깨졋는데? 이거 왜이럼 여태 하락장동안 이런적 없엇는디
-1,비트코인 팔려고 하는 사람들은 좋은 기회다 많이 팔면 된다 근데 니들도 웃길거다 니들이 파는데 물량을 다 받아주네????? ㅇㅇ 지금 그런 시기임. 예외))) 예상외의 물량투하는 떡락으로 이어짐 그게 아니면 횡보고 하방은 없다 결론 : 상방보는게 유리함
1,"내가 ㅄ들한테 설명해줄게 비트코인은 하락폭이 컸어, 나스닥이 하락폭 크게 나와도 그거 다 횡보로 받아주고 지지선에서 떡상함 내말 뭔 말인 지 알겠냐???? 지금 비트코인 사라고 볍신새캬"
1,"CPI발표전까지 예측 더 내려갈 수도 있음 CPI전까지 나스닥은 하향횡보가능성이 크지만,,,, 그렇다 하더라도 비트코인은 횡보,,,,,상향임"
1,"결국 나스닥은 내려오게 되어있다 근데 왜 이러냐고??? 다음달 CPI랑 FOMC 시간이 많이 남았잖아 최소한 그동안은 떡락이 없으니까 이런거야,,,, 그건 나스닥인거고 비트코인은,,,,,, 횡보인데 CPI발표날 전까지는 전체적으로 롱이 더 유리할 거라고 본다. 지금 숏 칠 수가 없다, 자신이 없다 숏 칠 자신이"
1,비트코인 불장 76일째 엄마아빠말 잘듣고 집안일 열심히 돕고 집안청소 자주하고 고양이밥 잘챙겨주고 고양이랑 잘 놀아주고 공부열심히하고 야덩 맨날 안보고 고기 먹는 횟수 줄이고 탄산음료수 그만 마시고 운동 열심히 하고 쓰레기 꼬박꼬박 까먹지않고 버리고 친구들한테 좋은 말 하고 코인으로 돈벌어서 우크라이나 사람들 후원기부금 충분히 낼거니 제발 비트코인 내 차트분석대로 가주던가 화끈하게 10000배 빔 쏘게 해주세요 비-트-멘- 비트비트-멘-
1,20살 ㅈ좆시드라 0.447비트코인 모았다 이럴때 사는거 아니겠어?
1,형들 딱 2024년이다. 기다려라. 비트코인 결국에 엄청나게 오를거다. 이제 1년 남았다. 난 회사 다니는거 2023년이 마지막이다. 2021년에 15억까지 찍었는데 지금 마이너스 10억인데 2024년에 30억 본다. 그때는 무조건 칼퇴사다. 안갈 것 같지? 내가 다행히 머리가 좋더라고 내 판단이 맞을거라고 확신을 한다. 그때까지 회사갔다가 집에 와서 와서 딸치고 유튜브 좀 보다가 잤다가 다시 회사갔다가 집에 와서 딸치고 유튜브 좀 보는 반복된 생활을 하면 된다.
1,"2018, 2019 코인판에서 이오스로 싸우던거 생각난다. 그 당시, 이오스 투자자들은 이오스에 대해서 하나하나 퍼헤치고 망할거라고 분석해서 이더리움으로 갈아타라고 얘기하던 나를 죽이려고 했었는데 결국, 이오스 투자자들은 지금 개털이 됐고 미래 또한 없다. 비트코인은 결국에 다시 갈거야. 시간의 문제일 뿐. 맞아 ? 안맞아 ?"
1,코인8년차가 코린이들에게 근본코인 알려준다 꼭 사둬 비트코인캐쉬 이건 무조건 근본코인이다 10스팸 위믹스 클레이튼 이런거랑 다르다 나도 장투중이다
0,위믹스 투자금들 다 어디로 이동될것 같냐? 1. 리플2. 도지 3. 비트코인 4. 샌드박스 5. 카바 난 리플이라고 봐
0,한국 고등학생의 비트코인 전세계 사기극 다시봐도 참 사기공화국 답다 ..
0,김치가 전세계 코인마켓에 뿌린 똥 1. 비트코인 플래티넘- 급식이.... 2. 루나 - 도권이 3. 위믹스 - 현국이 그외에도 과도한 김프로 코인마켓캡 배제 등등
1,비트코인 찐바닥짤 이때 놓친거 너무아깝다 ㄹㅇ
1,"급격한 하락은 없어 보인다 나스닥장은 횡보하락이 유력하다고 생각하지만, 비트코인은 나스닥하락을 횡보로 받아주면서 롱이 유리하다고 생각한다 알지??? 아님 말고"
0,비트코인 액분 100000 : 1 하면 어케될까 비트코인도 도지되는거 시간문제
1,위믹스 홀더분들 대처 예전 홀더로서 웰렛관리하는거 보고 이 사기꾼색기 일낼줄알았다유의에 전부 다털었고 물론 나도 손실임. 아무래도 자체 거래소 위믹스 옮길거같은데 그게 아마 웰렛거래소 일거다 아시다시피 여긴 탈중화거래소이고 매매하기 굉장히 까다롭다 그리고 여기 게임 토큰들 고점대로 - 99 퍼 수두룩하다. 딱 잘라서 하고싶은 말은 본인 소신이 중요하지만 당장 잘라내고 비트코인을 사서 5년기다리면 그게 나을거라 생각한다. 당장 조금이라도 자산을 지켜라. 누가 망한 회사에 투자 온보딩 할거라 생각하냐 ? 조금이라도 피같은돈 챙겨라. 정신이 혼미해도 꼭 챙겨라 위믹스는 거래소에서 곧없어진다 그리고 지옥 웰렛을 조심해라. !
0,"현 비트코인 세금에 관한 내용 정부, 가산자산 과세 2025년으로 유예 ... 세율 20% 내용의 법안을 내놨고 , 아직 통과가 되지 않은 상태임 이유는 민주당이 반대하고 있으므로 현 기준으로는 2023년 1월 1일 부터 세금을 내야 하는 상황임 민주당 반대 이유 1. 정부가 증권세율을 현 0.23%에서 0.15%로 인하 계획을 폐지 0.20%로 상향 2. 정부가 양도소득세를 기존 10억에서 100억으로 완화하려함 두가지 법안을 정부는 금융투자소득세(금투세,비트코인 세금) 과 함께 통과를 시키려고 하기 때문이다 11월 18일 민주당은 증권세율 및 양도소득세를 제외한 금융투자소득세(금투세)를 2025년으로 유예 및 연간 5000만원 이상에 대한 양도차익을 얻은 투자자에게 지방세 포함 22~27.5% 양도소득세를 부과하자고 제안한 상태임 하지만 다시 정부는 거부함 증권세율 0.20%와 양도소득세 10억에서 100억이 목표이기에 금투세는 관심없음을 시전하는중"
0,"코브라 잦됐누 신상공개명령? ENGLISH COURT RULES THAT ANONYMOUS PARTIES ARE NOT ENTITLED TO PARTICIPATE IN LEGAL PROCEEDINGS Pseudonymous Bitcoin Blogger “Cøbra” Ordered To Reveal Identity If Participating In Proceedings Brought By Dr Craig Wright London 24 November 2022 – In a ground-breaking ruling, London’s High Court today ordered that “Cøbra”, the pseudonymous operator and publisher of the bitcoin.org website, is not entitled to participate in the proceedings unless and until it identifies itself and its address. In June 2021, the High Court granted ONTIER LLP ’s client and Bitcoin creator, Dr Craig Wright, default judgment in his copyright infringement action against the defendant, following the latter’s refusal to remove Dr. Wright’s Bitcoin White Paper from the website, where it had been published without Dr Wright’s consent. In October 2021, Dr Wright – who authored the Bitcoin White Paper under the pseudonym “Satoshi Nakamoto” – commenced detailed assessment proceedings for his costs of the action. “Cøbra” served Points of Dispute in response. In July 2022, Dr Wright applied for an order that, unless the defendant identified themselves, they be debarred from participating in the detailed assessment proceedings, and Cøbra’s Points of Dispute be disregarded. Dr Wright’s application was heard by Costs Judge Rowley on 6 October 2022, at which “Cøbra’s” legal representatives argued that there was no prohibition on a pseudonymous or anonymous party participating in costs proceedings. The Court disagreed and, in finding for Dr Wright, held that the “[civil procedure] rules, taken as a whole, clearly expect a party to identify themselves at the outset of proceedings… it is plain that a party is expected to identify themselves when first actively involved in the proceedings. That requirement is clear from the rules concerning the commencement of a claim and the filing of a response to that claim.” The defendant has been granted permission to appeal, and otherwise has until 29 December 2022 within which to identify themselves, failing which Dr Wright will be entitled to apply for a Default Costs Certificate. This is the first time that the English Court has been asked to determine whether a party has the right to make submissions at, or otherwise participate in, proceedings whilst maintaining their anonymity / pseudonymity to the Court and another party to the proceedings. Dr Wright successfully argued that a party to proceedings should not be permitted to participate whilst refusing to identify themselves to the Court, as to do so would amount to an attack on the fundamental principal of open justice on which the English legal system is founded. Simon Cohen, Managing Associate at ONTIER LLP and a member of the legal team which advised Dr Wright on this action, comments: “We welcome this important decision by the English Court, which reaffirms the sanctity of our open justice system. Whilst there are some, limited, situations where a party can be anonymised to the public, there are no circumstances in which a party can participate in proceedings whilst maintaining their anonymity in the face of the Court.” 익명의 당사자는 법적 절차에 참여할 수 없다는 영국 법원의 규칙입니다. 익명의 비트코인 블로거 ""쾨브라""는 크레이그 라이트 박사가 제기한 절차에 참여할 경우 신원을 밝히라고 명령했습니다. 런던 2022년 11월 24일 – 획기적인 판결에서, 런던의 고등법원은 오늘 bitcoin.org 웹사이트의 익명 운영자이자 게시자인 ""쾨브라""에게 자신과 주소를 식별하지 않는 한, 그리고 그 주소가 밝혀질 때까지 절차에 참여할 권리가 없다고 명령했습니다. 2021년 6월, 고등법원은 ONTIER LLP의 고객이자 비트코인 제작자인 크레이그 라이트 박사가 라이트 박사의 동의 없이 출판된 웹사이트에서 라이트 박사의 비트코인 백서를 삭제하는 것을 거부한 후 피고에 대한 저작권 침해 소송에서 디폴트 판결을 내렸습니다. 2021년 10월, ""사토시 나카모토""라는 가명으로 비트코인 백서를 작성한 라이트 박사는 행동 비용에 대한 자세한 평가 절차를 시작했습니다. ""쾨브라""는 이에 대한 대응으로 분쟁 지점을 제공했습니다. 2022년 7월 라이트 박사는 피고인이 본인의 신원을 밝히지 않는 한 자세한 평가 절차에 참여하는 것을 금지하고 쾨브라의 분쟁 지점을 무시하라는 명령을 신청했습니다. 라이트 박사의 신청은 2022년 10월 6일 코스트 판사 롤리에 의해 심리되었으며, 코브라의 법률 대리인은 비용 절차에 참여하는 익명 또는 익명의 당사자에 대한 금지가 없다고 주장했습니다. 법원은 동의하지 않았고 라이트 박사의 판결에서 ""전체적으로 취한 민사 절차"" 규칙은 절차 시작 시 당사자가 자신을 식별할 것을 분명히 기대한다고 판결했습니다. 처음에 적극적으로 절차에 참여했을 때 당사자가 자신을 식별할 것으로 예상되는 것은 명백합니다. 그 요구 사항은 청구 개시 및 해당 청구에 대한 응답 제출에 관한 규칙에서 명확합니다."" 피고는 항소할 수 있는 허가를 받았고, 그렇지 않으면 2022년 12월 29일까지 자신의 신원을 확인할 수 있으며, 라이트 박사는 이에 실패하여 디폴트 비용 증명서를 신청할 수 있습니다. 영국 법원이 법원과 다른 소송 당사자에 대한 익명성/가명성을 유지하면서 당사자가 소송에 제출하거나 다른 방식으로 참여할 권리가 있는지 여부를 결정하도록 요청받은 것은 이번이 처음입니다. 라이트 박사는 성공적으로 소송 당사자가 법원에 자신의 신원을 밝히기를 거부하는 동안 참여를 허용해서는 안 된다고 주장했습니다. 그렇게 하는 것은 영국 법 체계가 기반을 둔 열린 정의의 기본 원칙에 대한 공격에 해당할 것입니다. ONTIER LLP의 관리 어소시에이트이자 Wright 박사에게 이 조치에 대해 조언한 법률 팀의 일원인 Simon Cohen은 다음과 같이 말합니다. ""우리는 열린 사법 제도의 신성함을 재확인하는 영국 법원의 이 중요한 결정을 환영합니다. 당사자가 대중에게 익명화될 수 있는 상황이 일부 제한적이지만 법원 앞에서 익명성을 유지하면서 소송에 참여할 수 있는 상황은 없습니다."""
1,전세계가 저점이라 기회라 생각하고 ㅋㅋㅋ 비트코인 유치하려고 야단법석이네 비트코인 버렸던 홍콩 꼬라지 봐라 어유 ㅅㅂ
1,아니 ㅅㅂ 숏치고 잘자고 잇는데 꿈꿔서 일어낫더니 쳐오르네 ㅡㅡ 비트코인에 나도 미쳐가나보네
-1,랩드비트코인은 답이없다 페깅꺠지면 가격 골로가기 딱 좋은데.. 이자받겟다고 저따가 비트코인 꼴아박는사람있을것도같네 그리고 모 알트코인 창업자의 랩드비트코인에 대한 생각 자산가치가 줄어들수도 있는 랩핑비트코인으로 비트코인들이 이동한다? 플래폼 닫고 튀면? 그 비트코인은 어떻게찾음?
1,궁금한점 위 사진은 한국의 M2증가량 을 나타낸 차트이고 25년전보다 7배가량 M2가 증가했음을 알수있음 그렇다면 지수로 봤을떄 한국 M2증가량 보다 더 좋은 성과를 내는 자산들에는 뭐가있을까요? 아파트는 M2따라가는거같고 눈에 띄는건 나스닥이랑 비트코인정도?
1,언제까지 하락장일지 예언해준다 필독하거라 딱 대출받은애들 청소하고 올리기 좋은 시기제 비트코인은 위대하다
1,짱깨 코인들 스멀스멀 오르는거보이제 ????????? 비트코인에스브이 얼른타둬라
1,비트코인의 다음타자 AI 떡상 가즈아
0,앞으로 비트코인 같은 김치가 안나올꺼라생각하냐?
1,"미 증시 회복세, 비트코인 상승장 뉴우스 지금이 찐 바닥이라면?"
1,비트코인 빨간불 ㅅㅅㅅㅅ!!! 미리 연습해봄
0,내가 빈살만 아들이였다면 비트코인 숏 롱 세력 가지고 놀거같음 ㅎ
0,다음 23년 중순 예정 불장 빅스타 공개 비트코인이더리움 도지 라이트코인 등 채굴 코인만 살아 남을 것 자체발행 증권형 코인 모조리 상폐 = 김치 코인은 전부 자체 발행 씹스캠이기 때문에 모조리 상폐
-1,"(강력경고)위기는 오고 있다 1개월, 2개월, 3개월물이2년물과 빠르게 격차가 축소되는게 보이나? 본격적인 자금경색이 이제 시작된다 과연 그 때 비트코인은 어떤 무빙을 보일까? 결국 금, 나스닥, 채권같은 자산시장 중 하나일까 아니면 헷지의 무빙을 보일까"
1,서울특별시 사는 답십리호두 련이 비트코인과 이더리움 지원하곘다 이러면 올라가냐 ? ㅅㅂㅋㅋㅋㅋㅋㅋㅋㅋㅋㅋㅋㅋㅋㅋㅋ
0,"아~하 도지 이런거 였어? 비탈릭 곧 큰거 온다. 도지랑 이더 엮이고 싶다 이런거 였어? 오호 곡슈타인 미디어(Gokhshtein Media)의 설립자이자 전 미국 하원의원 후보인 데이비드 곡슈타인(David Gokhshtein)이 트위터를 통해 ""비탈릭 부테린 이더리움 창시자와 일론 머스크 테슬라 CEO가 DOGE 업그레이드를 위해 협업하게 될 것""이라고 전망했다. 그는 ""이들은 비트코인 네트워크에서 일하지 않을 것이다. 비탈릭은 과거 이를 시도했지만 퇴짜 맞았고 머스크는 재미로 시작한 것을 진지한 것으로 바꾸는 데 관심이 있기 때문""이라고 부연했다. 뭐 말만 번지르 하지 결국 머스크랑 들러 붙은 도지에 자기도 발 하나 담그고 심다는 거잖아? 따거가 근 8천억 까지 처넣고 기다리는게 과연 비탈릭이랑 붙어 먹을까?"
1,비탈릭-도지코인재단에 이더리움.도지코인 기부 비탈릭 부테린(Vitalik Buterin) 이더리움 블록체인 설립자가 최근 ‘도지코인 파운데이션(재단)’에 가상화폐를 기부한 것으로 파악됐다. 도지코인 시장에서는 최근 도지코인 시세 상승이 비탈릭 부테린 설립자의 기부금이 영향을 미쳤을 거란 예상도 나오고 있다. 트위터 내 도지코인 커뮤니티 내 유명인사인 미샤보어(Mishaboar)는 지난 11월 14일(현지시간) 비탈릭 부테린 설립자가 ‘도지코인 파운데이션’에 2천만 개의 도지코인을 기부했다고 밝혔다. 미샤보어는 “비탈릭 부테린 설립자가 지난 5월 500개의 이더리움을 기부한 이후 최근 2천만 개의 도지코인을 전달했다”라며 “현재로서는 세부 정보 파악이 안되며 ‘도지코인 파운데이션’의 발표가 곧 나올 것이다”라고 말했다. 비탈릭 부테린 설립자의 도지코인 기부와 관련해 트위터 일각에서는 ‘도지코인 파운데이션’이 수령 즉시 판매했을 거란 의혹도 제기됐다. 블록체인 주소를 추적한 결과 ‘도지코인 파운데이션’이 기부금을 수령받은 후 몇 시간 만에 거래소 지갑으로 자산을 옮겼다는 설명이었다. 미샤보어는 지난 11월 14일(현지시간) ‘도지코인 파운데이션’이 비탈릭 부테린 설립자로 부터 이더리움을 기부받았다고 설명했다(사진=트위터/ 미샤 보어) 트위터 이용자들은 최근 일론 머스크 테슬라 최고경영자의 트위터 인수 소식과 관련해 급등했던 도지코인의 시세 상승이 비탈릭 부테린 설립자의 기부 자산으로 비롯됐을 것으로 추측하기도 했다. 도지코인에 대한 비탈릭 부테린 설립자의 관심은 지난해에도 수 차례 목격됐던 사항이다. 비탈릭 부테린 설립자는 지난해 6월 인터뷰를 통해 이더리움과 도지코인의 협력 가능성에 대해 논한 바 있다. 도지코인이 이더리움과 연결돼 이더리움 기반의 프로토콜인 루프링을 통해 거래할 수 있다면 놀라운 일이 될 것이란 게 비탈릭 부테린 설립자의 의견이었다. 이후 지난해 8월 비탈릭 부테린 설립자는 ‘도지코인 파운데이션’의 고문으로 임명됐다. ‘도지코인 파운데이션’의 고문으로는 비탈릭 부테린 설립자 외에 일론 머스크 테슬라 최고경영자도 이름을 올려 눈길을 끌기도 했다. 이더리움 한편 일론 머스크(Elon Musk) 최고경영자가 지난 11월 14일(현지시간) 개인 트위터 계정을 통해 비트코인의 낙관적인 미래를 전망했다. 현재 비트코인이 약세 흐름을 보이지만 결국 반전을 만들어 낼 것이란 게 일론 머스크 최고경영자의 견해였다. 일론 머스크 최고경영자는 “비트코인은 반전을 만들어 낼 것이다”라며 “그러나 약세장은 다소 길 수도 있다”라고 언급했다. #
1,"도지 설마 이것때문에 오른거야? [전 미 하원의원 후보 ""비탈릭과 머스크, DOGE 위해 협업할 것""] 곡슈타인 미디어(Gokhshtein Media)의 설립자이자 전 미국 하원의원 후보인 데이비드 곡슈타인(David Gokhshtein)이 트위터를 통해 ""비탈릭 부테린 이더리움 창시자와 일론 머스크 테슬라 CEO가 DOGE 업그레이드를 위해 협업하게 될 것""이라고 전망했다. 그는 ""이들은 비트코인 네트워크에서 일하지 않을 것이다. 비탈릭은 과거 이를 시도했지만 퇴짜 맞았고 머스크는 재미로 시작한 것을 진지한 것으로 바꾸는 데 관심이 있기 때문""이라고 부연했다. <-=텔방알림은 7시 30분 아닌것 같은데,.. 걍 뇌피셜이기도 하고 반응 ㅈㄷ 없는 포스팅임 포스팅은 오후 2시인데, 그냥 7시 차트상 롱으로 간거라고 보면될라나? 트위터 지갑나올려면 엄청난 시간이 걸릴텐데. 일론이 암호화폐 이전에 트위터 해야할께 엄청 많다고 햇고 근데 트위터에 코인 지갑나오는게 무슨 의미가 있는지는 모르겠다. 이미 범용 지갑 널렸는데"
0,증권형토큰? 시발 무슨 기준으로? 그럼 업비트엔 비트코인 하나만 남는거야? ㅋㅋㅋ 엿같은 소리 하고있네 ㅉㅉ
1,"도지 뉴스 알림>전 미 하원의원 후보 ""비탈릭과 머스크, DOGE 위해 협업할 것"" _________________________ 곡슈타인 미디어(Gokhshtein Media)의 설립자이자 전 미국 하원의원 후보인 데이비드 곡슈타인(David Gokhshtein)이 트위터를 통해 ""비탈릭 부테린 이더리움 창시자와 일론 머스크 테슬라 CEO가 DOGE 업그레이드를 위해 협업하게 될 것""이라고 전망했다. 그는 ""이들은 비트코인 네트워크에서 일하지 않을 것이다. 비탈릭은 과거 이를 시도했지만 퇴짜 맞았고 머스크는 재미로 시작한 것을 진지한 것으로 바꾸는 데 관심이 있기 때문""이라고 부연했다."
-1,닉을 비트코인 1원 간다로 바꾸려고 했더니.. 이미 있다더라
1,비트코인은 쓰일수밖에없다ㅎㅎ 종이화폐는 내구성이 취약하다
1,단기차트 대응알려드릴게요 특히 코린이들 그냥 넘기지말고 꼭보세요 비트코인 시황 (15분 봉 차트) 우선적으로 숏포지션의 리스크관리구간은 16.5K 돌파시점으로 뚜렷하게 전달드린바 있고 어제 올려드린 매매내역도 그렇고 그 이후 부터는 추가적인 상승을 기대하며 눌림 롱 또는 주요 매물대에서 숏으로 대응해가고 있습니다 공통적으로 보고있는 관점은 올라온파동이 임펄스가 됐든 abc가 됐든 결과적으로는 저점을 한번 더 갱신해야된다는 점입니다 그에 대한 이유는 러닝 또는 익스펜디드 형태의 플랫을 만들어가고 있기 때문이라고 말씀드렸죠 물론 이 지금의 상승파동이 다 나온것일 수도 있습니다 다만 확률적으로 아.직.까.지.는 무게를 많이 안두고 있다는거고 지금의 눌림이 15.9K까지 열려있긴하나 확률적으로 16.2K를 지켜주는 범위에서는 한차례의 상승파동을 더 바라보고 있는 입장입니다
-1,물린 애들은 나 죽었다고 복명복창해라. 내가 이 암호화폐 시장을 분석 내 시점을 말해보자면 금리 갑작스럽게 내리는 일은 없을거다. 금리 올리는 폭을 조금 줄일 수는 있어도 금리를 갑자기 0.5 포인트 내린다거나 그런지는 않을듯 대출 받으면 금리때문에 이자못갚아서 파산하는 가구수도 늘어날꺼다 그냥 돈 씨가 말랐어. 이번에 비트코인 8천만원 간건 돈을 풀어서 오버슈팅한거지 또 돈을 풀까? 설마? 또 돈풀면 또 금리올리는 짓 해야될텐데 또 할까? 의문이 드네 어떤거같아? 또 풀꺼같아?
-1,비트코인 더 떨어질꺼라고 보는 강력한 이유 일단 지금 가격 비트코인이 못지키면 내가 봤을때 1500만원 볼꺼같고 왜 더 떨어질거라고 보냐면 예전과 달라 예전 하락장때랑 금리부터가 달라 다들 돈이 없다고 돈이 메말랐어 진짜 다 뒤지는거야 진짜로 내가 봤을때 1500만원가고 더 하락할수도 있다고 본다 진짜 일단 나부터 돈구하기 힘들다 누구 돈좀있냐? 하아 힘들다.
0,비트코인 / 테더도미 관계 서로 디커플링인건 알겠는데 완전 디커플링은 아니고 비트는 이번에 신저점 나왔는데 테더는 신고점이 안나왔떠라고 이거 왜그런지 아시는분
-1,"코인 시장 저가매수 추천 vs 경고 혼선 개미들의 선택은 [시드니=뉴스핌] 권지언 특파원 = FTX 파산보호 신청 이후 비트코인을 비롯한 주요 암호화폐 가격이 급락한 가운데, 월가에서는 코인 저가매수 전략을 두고 추천과 경고음이 엇갈리는 모습이다. 작년 11월 6만4000달러를 넘어섰던 비트코인 가격은 최근 1만6000달러선까지 1년 사이 무려 75%가 하락했다. 시가총액 2위인 이더리움 역시 같은 기간 4644달러에서 1188달러까지 74%가 추락했다. 최근 FTX 파산 보호 신청으로 시장 전반에 유동성 위기가 확산되는 사이 주요 코인들이 단 일주일 만에 가격이 20% 넘게 빠지자 월가에서는 추가 하락보다는 반등 가능성이 크다며 저가 매수 추천이 고개를 들기 시작했다. 하지만 FTX 후폭풍은 여전히 진행형이며, 섣불리 시장 반등을 기대했다가 투자금을 모두 날려버릴 가능성도 무시할 수 없어 각별한 주의가 필요하다는 지적도 나온다. ◆ 강세론자들은 바로 담았다 월가 내 코인 강세론자들은 바이낸스의 FTX 인수 철회와 뒤이은 파산보호 신청으로 클라이막스로 치닫던 FTX 사태가 잠시 소강 상태에 접어들자 즉각 움직이기 시작했다. 대표적인 비트코인 강세론자인 캐시 우드 아크 인베스트먼트 최고경영자(CEO)는 그레이스케일 비트코인 트러스트(GBTC) 매수에 나선 데 이어 코인베이스와 실버게이트 주식도 포트폴리오에 대거 추가했다. 우드 대표는 블룸버그 TV에 출연해 오는 2030년까지 비트코인 가치가 100만달러까지 오를 것이라며 낙관론을 거듭 제시하면서 매수 심리를 자극했다. 투자전문매체 배런스(Barron's)는 지난 17일(현지시각) 비트코인 가격이 FTX 사태 여파로 한 주 사이에 20%가량 떨어졌지만 트레이더들은 저가매수에 과감히 나서고 있다고 전했다. 글로벌블록 애널리스트 마커스 소티리오도 최근 1만개 이상의 비트코인을 보유한 주소가 급증하는 등 ""많은 비트코인 고래들이 지금 같은 패닉 시기를 (비트코인) 축적 기회로 삼고 있다""고 말했다. 배런스는 1만개 이상의 비트코인을 들고 있다면 금액으로는 현 가격 기준으로 1억7000만달러 정도에 달해 장기 보유자일 가능성이 크다면서, 고액 자산가 또는 가산화폐 전문 헤지펀드일 수 있다고 분석했다. 투자매체 모틀리풀도 암울한 거시경제 상황과 관계 없이 가상화폐 시장은 매일 발전 중이라면서, 대외 악재들이 사라지고 나면 가상화폐 가격은 즉각 반등할 것으로 내다봤다. 매체는 또 FTX 사태로 가상화폐 시장 전반에 규제가 강화될 수 있으나, 이는 오히려 양호한 시장 참가자들을 가려내는 계기가 될 수 있다고 강조했다. 월가의 대표적인 비트코인 강세론자이자 억만장자 투자자로 알려진 마이크 노보그라츠 갤럭시 디지털 CEO는 FTX 사태 이후 수많은 투자자들이 암호화폐 시장을 떠나고 있지만 비트코인이 여전히 주류 투자 상품이라고 강조했다. 노보그라츠는 ""각종 논란에도 비트코인에 자산을 저장한 투자자들이 여전히 1억5000명에 달한다""면서 ""비트코인을 비롯해 이더리움, 블록체인 등이 사라질 가능성은 전혀 없다""고 주장했다. 중개업체 아바트레이드 애널리스트 나임 아슬람은 ""가상화폐 시장이 여전히 FTX 사태로 충격을 받은 상황이나, 비트코인의 경우 FTX와 같은 이벤트가 시스템에서 나쁜 참가자들을 선별해내는 기회가 될 수도 있다는 점을 기억해야 한다""고 말했다. 비트코인 역대 가격 추이 [사진=코인데스크] 2022.11.25 kwonjiun@newspim.com ◆ 코인 시장 ""여전히 자갈밭"" 경고도 비트코인 등 코인 가격이 올해 매력적인 수준으로 내려오긴 했지만 저가매수에 나서기에는 아직 남은 장애물들이 너무 많다는 지적도 나온다. 무엇보다 올해 코인 시장은 주식시장과 궤를 함께 하고 있는데, 증시 최대 악재로 꼽히는 연방준비제도(연준)의 금리 인상이 아직 종료되지 않은 상황이다. 또 우크라이나 전쟁 등 투자 심리를 짓누를 불안 요인들이 여전해 위험자산인 비트코인보다는 금 등 안전자산에 대한 인기가 계속될 가능성도 있다. 블록체인 이노베이션 허브 공동 이사 크리스 버그는 ""암호화폐는 궁극적으로 위험자산이고, 인플레이션을 잡기 위한 중앙은행의 금리 인상이 지속되면 투자자들은 변동성이 큰 자산부터 처분하게 된다고 강조했다. 크립토 기업 아케인 리서치 애널리스트 베틀 룬드는 ""(코인) 거래량이 줄어든 가운데, 앞으로도 시장이 계속 역풍을 마주할 것""으로 예상했다. 또 코인텔레그래프는 FTX 위기가 확산되는 '리먼 모먼트'를 맞을 경우 비트코인 가격은 40%까지 낙폭을 늘릴 수 있으며, 다음 지지선은 1만2000달러일 수 있다고 보도했다. 이더리움의 경우 800달러까지 떨어질 가능성이 제기됐다. 포브스는 BDC 컨설팅이 실시한 가상화폐 펀드매니저 서베이를 인용, FTX 파산으로 비트코인 가격이 1만1000달러선까지 밀릴 수 있다고 경고했다. 암호화폐 분석가 '일 카포 오브 크립토'는 비트코인이 1만2000~1만4000달러선까지 내리는 것은 시간 문제이며 알트코인의 경우 평균 낙폭이 40~50% 정도로 비트코인보다 더 클 것이라고 주장해 눈길을 끌었다. 한편 포브스는 코인 시장 저가 매수 적기 주장이 고개를 들고 있지만, 여전히 위험한 베팅으로 전 재산을 날릴 수도 있다는 점을 반드시 유념해야 한다고 강조했다. 이어 대개 비트코인이 가을에 약세를 보이다가 겨울 초반 반등하곤 하나 이번에도 이러한 흐름이 재연될 것이라고 확신할 수 없다고 지적했다. 그러면서 코인 저가 매수를 원하는 투자자들은 100% 손실을 봐도 감당이 가능한 수준만큼만 자금을 투입할 것을 권고했다."
1,비트코인만 모을려고하는데.. 이제서야 정신차리고 모을려고하는데 가능할가?.. 지금부터 2024년까지 2년정도 비트만 모아보게.. 2비트까지 모으는게 목표인데 진짜 방법 없을까? 몸을 갈아넣으면서까지 하루에 2~3탕씩 뛰어야 가능성잇을가? 진지하게 2탕이상 뛰는형 있으면 댓글좀 달아주라 새벽에도 일해야댈거같아 ㅜㅜ
1,"브라질 거래소 비트프레코 캐시백 출시 예정 브라질 암호화폐 거래소 비트프레코, 캐시백 프로그램 출시 예정 16:07 2022년 11월 23일 수요일 비트코인닷컴에 따르면 브라질 암호화폐 거래소 비트프레코(Bitpreco)가 자체 플랫폼 비티뱅크(Bitybank)를 이용해 은행 서비스를 제공하기로 했다. 미디어는 ""브라질 내 모든 BTC 거래의 13%를 차지하고 있는 비트프레코는 자사 발행 카드를 사용하는 고객을 대상으로 사용 금액 등에 따라 암호화폐를 제공하는 캐시백 프로그램을 진행할 예정이다. 비트프레코는 이를 통해 고객이 약 50% 늘어날 것으로 기대하고 있다. 또 캐시백으로 제공할 암호화폐로는 BTC, ETH, SOL가 고려되고 있다""고 설명했다."
1,"아르헨티나 리피오 미국시장 진출 웹3 월렛 서비스 출시 아르헨티나 암호화폐 거래소 리피오, 미국 시장 진출 비트코인닷컴에 따르면, 아르헨티나에 기반을 둔 암호화폐 거래소 리피오(Ripio)가 미국으로 사업을 확장한다. 리피오는 플로리다로부터 라이선스를 취득했으며 기업 및 기관투자자를 대상으로 커스터디, 암호화폐 거래, 웹3 월렛 서비스를 제공할 계획이다. 리피오는 PWC, KPMG 등 빅4 회계법인으로부터 감사를 받은 거래소 중 하나다."
1,비트코인 독주 이제곧 시작됩니다 고고고
1,자 내일 반전 갑니다. 내일 비트코인 상폐뜨고 낼모래 상폐빔 90만%올라갔다가 450년후에 상폐된다
0,"SEC, 비트코인 공급 조작? 종이 비트코인 의혹 확산 FTX 거래소 붕괴 당시 보유 중인 비트코인이 거의 0에 가까웠다는 보도가 나오는 가운데, 거래소들이 '종이 비트코인(paper Bitcoin)'을 팔아 시세를 조작했다는 의혹이 퍼져나가고 있다. 암호화폐 전문매체 비인크립토는 25일 가상화폐 거래소들이 '종이 비트코인'을 매도해 비트코인(BTC) 공급을 늘리자 시세 조작 의혹이 제기되기 시작했다고 보도했다. 비인크립토가 전한 '종이 비트코인 시세 조작 의혹'을 다음과 같이 정리했다. 2017년 CME 그룹이 최초의 비트코인 선물 계약을 시작했을 때, 이 회사의 명예 회장인 레오 멜라메드는 비트코인을 '길들이겠다'고 선언한 것으로 유명하다. 그 이후로, SEC는 몇 개의 ETF(상장지수펀드)를 승인했다. CME 그룹은 미국 선물 거래의 96% 이상이 거래되는 세계 최대·최고의 선물거래소이다. 자회사로 미국 4대 주요 파생상품 거래소인 시카고상품거래소(CBOT), 시카고상업거래소(CME), 뉴욕상업거래소(NYMEX), 뉴욕상품거래소(COMEX)를 두고 있다. 하지만 거래소들이 '종이 비트코인'을 팔아 BTC 공급을 늘리면서 시장 조작에 대한 의문이 불거지기 시작했다. 멜라메드 회장은 당시 로이터통신에 ""우리는 규제를 통해 비트코인을 거칠게 만들지 않을 것""이라고 말했다. 그는 ""우리는 그것을 규칙이 있는 통상적인 거래 수단으로 길들일 것""이라고 강조했다. 투자자는 상장지수펀드(ETF)를 통해 비트코인 가격을 추적하는 자산을 구매할 수 있다. 그러나 실제로 기본 자산을 직접 소유하지는 않는다. 미국에서는 이러한 펀드가 증권거래위원회(SEC)의 관할에 속한다. 부채를 인정하는 비공식 문서인 IOU와 유사하게 구성된 ETF는 거래 과정에서 교환할 수 있는 서류의 형태를 취한다. 관측통들은 '종이 비트코인'의 목표가 규제 기관인 SEC의 도움을 받아 기본 자산을 조작하는 것인지에 우려하고 있다. SEC의 게리 겐슬러 위원장은 ""중요한 투자자 보호를 제공하는"" 비트코인 ETF를 지원한다. 비트코인 조작: ""은행들은 통제를 원한다"" 암호화폐 플랫폼 매직크래프트의 설립자이자 CEO인 제임스 크립토 구루는 ""은행들이 통제하려고 하지만 그것은 그들이 사용하는 정상적인 시스템일 뿐""이라고 말했다. 거래자이자 유튜브 인플루언서인 제임스는 ""어떤 면에서 그것은 통제하고 조작한다. 하지만 사람들은 블록체인에서 비트코인을 원한다는 것을 이해하고 시간이 지남에 따라 그들의 '투자자들의' BTC 보유 규모는 전체 시장보다 훨씬 작을 것이다""고 말했다. 제임스 크립토 구루는 시장 조작 문제로 인해 단기적으로 비트코인 가격 하락을 초래할 것으로 예상하고 있다. 그러나 그는 장기적으로는 ""이것은 채택에 매우 좋을 것""이라고 덧붙였다."
1,오늘 비트코인 17k 돌파한다 얼릉 따라와라!
1,비트코인 결국 상방이구나 우선 숏 익절하고 상황이나 봐야겠다
-1,전문 트레이더김씨 - 비트코인 아직 하락2파동 더남아.- 나
1,"아마도 내년 중순부턴 증권앱에서도 비트코인 이더리움 거래 가능할거다. 미국과 월가, 꼬레아 정부가 원하는대로 될 거다. 비트코인 매매를 증권앱에서도 가능하게 할 거다. 나라는 매매 추적이 되니 검은돈 방지에 좋으니. 그리고 대박칠거다. 왜냐면 그런 회사들은 지급 준비가 확실하기 때문에 내가 비트를 사고 팔아 현금화 하는데 신뢰가 있거든. 돈이 아마 많이 몰릴 것이고 비트코인도 그만큼 급등할거다. 딱 봐라. 업비트 바낸같은 곳은 알트가 주매출이 될 거고 딱 봐라. 비트코인은 누구도 부정할 수 없는 달러표시 자산이다. 미국이 좋아하는 재화다 이말이야."
1,씹잡코인들 죄다 상폐되고 비트코인만 남았을 때 진입한다. 비트코인만이 진짜다. 비트코인 무조건 10억 간다.
1,"2022.11.25 비트코인 중, 장기 관점 반갑습니다 대도회장입니다. 다들 매매 잘 되고 계시나요? 힘드시겠지만 제가 봤을땐 하락의 끝이 슬 보이는 것 같습니다. 아직 하락의 한파동이 더 남아 있는 것 같은데 현물하시는 분은 홀딩 쭉 하시고 선물하시는 분들은 타점 잘 보시고 참고 매매하시면 되겠습니다. 시작하겠습니다. 장기분석입니다. 현재 제가 생각하는 가장 큰 신뢰도의 시나리오 입니다. 현재 다들 아시다시피 장기적으로 C 파동이 진행중이구요 차트에 나타난 것처럼 마지막 종결 임펄스 엔딩 디아고날 형태를 그릴 것으로 예상됩니다. 이후 쭉 상승(임펄스 or 반등)쪽으로 보고 있습니다. 중기적 관점(위에차트 확대) 몇일전에 단기 분석드린 것으로(제가 전에 작성했던 단기분석에 댓글 참고하시면 됩니다.) 당분간은 18.4~ 18.5k 까지 비트의 반등 구간이 될 것 같습니다.( 이매물대 구간의 저항돌파는 힘들 것으로 예상) 이후 최저점을 찍으러 갈 것으로 저는 예측하고 있습니다. (하락의 끝을 알 순 없지만 14~14.5k로 예상합니다) 그리고 엔딩 디아고날 등장 후 쭉 상승으로 저는 예상하고 있습니다. 힘든시기지만 다들 잘 버텨 오셨고 하락의 끝이 보이는 것 같습니다. 화이팅 하시고 참고용으로 보시면 감사하겠습니다 ^^ 이상입니다!"
-1,비트코인 진짜 300만원까지 갈수도있음 알트코인은 95% 망하고 5%만생존 리플이지금 떤지기 하는것보면 충분히가능
-1,비트코인 지금 사면 좆되는 이유 지금 가격이 내년 가격 최고점 보다도 높을 것이기 때문 ㄷㄷ
0,도형이 말이 팩트긴 하네 잡코인들 다 망하고 소수의 근본과 비트코인만 남을듯
0,2015년 10월 25일 비트코인 가격 
1,2010년에 비트코인을 알았다면? ㅋㅋㅋ
-1,비트코인 펙트 체크 전문가로써 완벽한 분석 다들 반감기 기다리거나 내년 초 상승 예상하는데그런놈들 이야기들으면 다 지들 망상을 적어놓고 있다 비트코인은 이미 자기의 길을 벗어난지 좀 오래 되었는데 그 놈의 가치투자가 뇌속에 쳐박혀서 모두가 롱을 마음속에 품고있다 전세계 어떤 나라마다 폰지사기를 나라단위로 치는 놈들이 있었는데 확실히 비트코인은 대단하다 지구자체를 폰지사기해버렸으니 모두가 속는 거짓된 세계를 만들어버렸는데 진짜가 되버린거지 ㅋㅋㅋㅋ 딱 비유를 해주자면 우리 모두가 노예인것처럼 일을해야하는거처럼 자발적노예를 만든 이 시스템 처럼
-1,"이번에는 코인 신뢰도하락이 그간 이슈랑 걍 다르다니까 해쉬전쟁때는 그래도 씹 해쉬레이트로 싸움한거고 여기에 뭐 주작 이딴게 없이 오로지 해쉬파워로만 싸웠던거 상기빔? 각종 규제이슈? 이런건 걍 제도권 들어갈때 흔히 생길법한거고 외부 규제 요인이었지 내부 신뢰도 문제는아니었음 근데 요새 맘대로 찍어내는 코인들, POS류, 스테이킹 이자류, 알고리즘류 => 죄다 개씹사기 구조, 맘껏찍어내는거 쌉가능, 공격당하면 알고리즘 다깨짐 증명됨 POS가 대다수인 코인판에 ㅋㅋ씨발 FTX사건은 뭐 말안해도 코인판 자체가 거대한 조작과 폰지사기, 불법토토와 다를바없다는걸 여실히보여줌 그간도 그랬는데 왜 이제와서 그러냐고? 그건 씹 ㅋㅋ 비트코인 천만원대서 빌빌대다 300갈때 , 기관들도 참여안하고 관심도도 낮을때얘기고 이제는 기관들도 들어오고 개 불장나왔다가 알고보니 씹스캠판이라 기관들도 손털고 줄줄히나가고 그레이스케일 GBTC -프리미엄이 몇퍼냐. -40%도 넘는다 마프가. 기관들이 다 손털고 아무도 안산다 이말이야 걍 ㅈ됐어 코인판. 다시 대세상승오려면 긴시간지나고 각종 코인들 싹~다 물갈이 되어야 올까말까다 코인판 얼마하지도않고 렙도낮고 17년부터 깔짝했던애들 뭐 상기빔 이딴얘기하면 진짜 싸대기쳐맞는다. .형 그래도 수익만 12억넘게보고 작년 이후 정리한사람이고 작년부터 안하다가 요새 그냥 구경하로 조금씩들어오고있음."
1,2023-2024시즌 떡상코인들 1.비트 2.이더 3.비캐 4.라코 5.BNB 6.도지 다른코인들 현시점에서 90프로이상빠짐 근거. 저위의 코인들은 곧 비트코인 현물 ETF로 묶일거고 막대한 자금이 들어올것. 도지는 역시 말만만 머스크. 트위터 결제시스텀에 쓸거라고본다. 반박시 니가 옳다.
-1,난 내년 3월 비트코인 풀매수 한다. 내년 3월이면금리인상 기조 러우전쟁 등 대외 환경에 변화가 올 것 같다. 그리고 초대량 상폐 완료 되고 몇 개 안남은 코인은 대폭등 간다. 그때가 최저점이지 싶다.
0,상폐가능성 있는것보다 없는 걸 찾아야지. 1. 비트코인 2. 이더리움 ... 3번 부터 힘들어지네.
-1,비트코인 현재상황 16.4 매우매우힘들게버티는중
0,에스브이에 단점을 알고싶습니다 20년도11월에 에스브이사서 20년도4월쯤 팔아 에스브이로돈좀번사람이구요 지금은 뻔짓거리해서 현금조금밖에 여유가없구요 근데 진짜 궁금한게있습니다 비트코인 sv 가 좋은코인은 맞는거같은데 단점을 잘찾기가 어렵더라구요 단지 사토시라고 하는 그이유때문입니까 비트코인보다 안좋은점이 있습니까 저는 너무궁금해서그래요 비트 비골 비캐 중에 젤괜찮은코인이라생각드는데. 단지 관심없고 금액이 낫다는이유 돈잃었다는이유말고 딱 핵심하나만 말씀쫌 해주세요 진짜 궁금합니다
